{
  "Get Authorized User" : {
    "transaction" : "Get Authorized User",
    "sampleCount" : 427,
    "errorCount" : 330,
    "errorPct" : 77.28337,
    "meanResTime" : 338.91334894613567,
    "medianResTime" : 123.0,
    "minResTime" : 101.0,
    "maxResTime" : 3119.0,
    "pct1ResTime" : 1118.0,
    "pct2ResTime" : 1137.0,
    "pct3ResTime" : 2118.72,
    "throughput" : 8.951594306199032,
    "receivedKBytesPerSec" : 10.20906106528165,
    "sentKBytesPerSec" : 2.3777672375841177
  },
  "Total" : {
    "transaction" : "Total",
    "sampleCount" : 427,
    "errorCount" : 330,
    "errorPct" : 77.28337,
    "meanResTime" : 338.91334894613567,
    "medianResTime" : 123.0,
    "minResTime" : 101.0,
    "maxResTime" : 3119.0,
    "pct1ResTime" : 1118.0,
    "pct2ResTime" : 1137.0,
    "pct3ResTime" : 2118.72,
    "throughput" : 8.951594306199032,
    "receivedKBytesPerSec" : 10.20906106528165,
    "sentKBytesPerSec" : 2.3777672375841177
  }
}